module	source_path	destination_path	sha256
Bong.Bong.AlphaValueExt	Bong/Bong/AlphaValueExt.lean	Bong/Bong/AlphaValueExt.lean	7d65dc5a9493fc3de282e79a23728b2a6fd4ee2b69dbc050ab66e2e5b9492106
Bong.Bong.Basic	Bong/Bong/Basic.lean	Bong/Bong/Basic.lean	090d43972504d7fd5560da54cd2b8c69c52a736698a252163d1553a7d60e9d00
Bong.Bong.Basis	Bong/Bong/Basis.lean	Bong/Bong/Basis.lean	3f089c8201f879cbfbf8a44bf4afd00a775dbe5e792c058d75841b85703607bd
Bong.Bong.BasisLattice	Bong/Bong/BasisLattice.lean	Bong/Bong/BasisLattice.lean	42024d4a8c07f0af671e1cc5e574cdd191ea6faa5702d0b06ead3531167f06d4
Bong.Bong.Binary	Bong/Bong/Binary.lean	Bong/Bong/Binary.lean	cdb00f895a05caf2bd897333ebe3e4a975ff7c483f8d5caefa1bcb7743e3a959
Bong.Bong.BinaryAdaptedBasis	Bong/Bong/BinaryAdaptedBasis.lean	Bong/Bong/BinaryAdaptedBasis.lean	d4398c18bc36b28c1ff2df7814546554a0e27b471e75b388994e6a7a891fd139
Bong.Bong.BinaryAdaptedValues	Bong/Bong/BinaryAdaptedValues.lean	Bong/Bong/BinaryAdaptedValues.lean	a8e90b8be9982aa353a0b9321896e0361bfea676b83b1aa51c7becdfcba2de52
Bong.Bong.BinaryAdmissibility	Bong/Bong/BinaryAdmissibility.lean	Bong/Bong/BinaryAdmissibility.lean	6fa68fe4703c0e0752929fbbe543e9ec6408b2bc93c4d34974f027bcbab38f08
Bong.Bong.BinaryAutomorphism	Bong/Bong/BinaryAutomorphism.lean	Bong/Bong/BinaryAutomorphism.lean	48bebe119024a36c2ab42dca431f6fde953dc0c6b86ebf856e104f796e1a24f0
Bong.Bong.BinaryDefectCriterion	Bong/Bong/BinaryDefectCriterion.lean	Bong/Bong/BinaryDefectCriterion.lean	a0cc7f0acb24050d736988ac5c2682fd5042527b671041a2ae6c4a9777b955f2
Bong.Bong.BinaryDiagonal	Bong/Bong/BinaryDiagonal.lean	Bong/Bong/BinaryDiagonal.lean	b39e262a9934051e6f6d87472ce776e3396cc3e6dff7dfeda79ad21b1160a5b3
Bong.Bong.BinaryDiagonalReflectionOrders	Bong/Bong/BinaryDiagonalReflectionOrders.lean	Bong/Bong/BinaryDiagonalReflectionOrders.lean	1dedc1981f170e587eefe4381180aa46aab9a327b050c984128e2cb6b32e8da9
Bong.Bong.BinaryDual	Bong/Bong/BinaryDual.lean	Bong/Bong/BinaryDual.lean	e3351cd3df571fa18f22766aba6e3bb96a35f5d84868343e2803469c7ef4b698
Bong.Bong.BinaryDualModular	Bong/Bong/BinaryDualModular.lean	Bong/Bong/BinaryDualModular.lean	d78c14242304ffbb37ad00118e67b6616d220034e20cc7260a14c532ee014948
Bong.Bong.BinaryExactRealization	Bong/Bong/BinaryExactRealization.lean	Bong/Bong/BinaryExactRealization.lean	acf4eaed0c39c36752ae556ec901a7ca88b5a7d89500db2e120dee47b9e8ea82
Bong.Bong.BinaryIntegralSquare	Bong/Bong/BinaryIntegralSquare.lean	Bong/Bong/BinaryIntegralSquare.lean	7013704f085e4ab4a0c7295d52e1da9eea01d4c2029e5e295c25c891e8737669
Bong.Bong.BinaryInvariant	Bong/Bong/BinaryInvariant.lean	Bong/Bong/BinaryInvariant.lean	bf92a6a127e369ae1d759dc509960eefd7388d27f30e9faa19704cde1e27f958
Bong.Bong.BinaryModelIsometry	Bong/Bong/BinaryModelIsometry.lean	Bong/Bong/BinaryModelIsometry.lean	1812fa2a4f585d1474e3095f18e1d8b2655ab7fc5bd56ffb2994e17b15574533
Bong.Bong.BinaryModular	Bong/Bong/BinaryModular.lean	Bong/Bong/BinaryModular.lean	8ebed452c31569866c4a6baf230bb43002b0ad7c41f3e8796adaee563daf1d4e
Bong.Bong.BinaryModularInvariant	Bong/Bong/BinaryModularInvariant.lean	Bong/Bong/BinaryModularInvariant.lean	468629776a2d900c546b48652c7045170f76756e96efdc818c837560ce6c99b1
Bong.Bong.BinaryNormalForm	Bong/Bong/BinaryNormalForm.lean	Bong/Bong/BinaryNormalForm.lean	132d10d8e65c5fa3bd22d45849f3533debf6ff9a428c082821acab163564eca5
Bong.Bong.BinaryPrimitiveCoordinates	Bong/Bong/BinaryPrimitiveCoordinates.lean	Bong/Bong/BinaryPrimitiveCoordinates.lean	1e727d39e04cf0d855312c3b806ddef88489b3b8001d526fc5c9e6ceb7dc349b
Bong.Bong.BinaryRealization	Bong/Bong/BinaryRealization.lean	Bong/Bong/BinaryRealization.lean	8a999830573db0aed0a72a288d90bf676808c7f348014fe08c00486dfc83a073
Bong.Bong.BinaryReflectionCoordinates	Bong/Bong/BinaryReflectionCoordinates.lean	Bong/Bong/BinaryReflectionCoordinates.lean	d8fa5f4853b6e900ab5075ca3253994b2a57f155e444d898b5f44bb2f720a12e
Bong.Bong.BinaryScaledExactRealization	Bong/Bong/BinaryScaledExactRealization.lean	Bong/Bong/BinaryScaledExactRealization.lean	4217e871eec3e7f92e89c7bc46ed55e759049f5d073e7716573f9032896c3bb7
Bong.Bong.BinaryShearIsometry	Bong/Bong/BinaryShearIsometry.lean	Bong/Bong/BinaryShearIsometry.lean	02c95b61850354adcbed2efaa0f4251a35f752e994bdffb563654568a3d20cb8
Bong.Bong.BinarySpinorInclusion	Bong/Bong/BinarySpinorInclusion.lean	Bong/Bong/BinarySpinorInclusion.lean	8bba1c6e589e648f1d4c77eeca1e7a6c095b8e5eb7cad4c9c27c8e173715c7a9
Bong.Bong.BinarySpinorPositiveReduction	Bong/Bong/BinarySpinorPositiveReduction.lean	Bong/Bong/BinarySpinorPositiveReduction.lean	ebcb0b2784ff81b48ceff36663b0b76134b6de1cc73cc7c48d8edf141c741fd8
Bong.Bong.BinarySpinorReflectionReduction	Bong/Bong/BinarySpinorReflectionReduction.lean	Bong/Bong/BinarySpinorReflectionReduction.lean	86f73bd99d62e918bb096f0a6fbb68f32a5ae74a606e057b58830a166a8968a0
Bong.Bong.BinaryStrictModular	Bong/Bong/BinaryStrictModular.lean	Bong/Bong/BinaryStrictModular.lean	430eb84999d8d3e73ab330688f13b2e237bf998abbf1e4d6fbbdc1d1c2edcaa0
Bong.Bong.BinaryUniqueness	Bong/Bong/BinaryUniqueness.lean	Bong/Bong/BinaryUniqueness.lean	b9f52d2e0c3b21014c960091fb19c0de03ba626c9f4bb21f94bae1e581f6e22b
Bong.Bong.BinaryValueSet	Bong/Bong/BinaryValueSet.lean	Bong/Bong/BinaryValueSet.lean	de630720de4637d399c27afb213510e7951c772fc26b8b6aff4c45097a3af7e3
Bong.Bong.Classification	Bong/Bong/Classification.lean	Bong/Bong/Classification.lean	dd9e528e3204b6c6f0e27f56690828e4b91dccaa6ce023a97874ebe6770a207f
Bong.Bong.ClassificationTransport	Bong/Bong/ClassificationTransport.lean	Bong/Bong/ClassificationTransport.lean	210abdb73399bc4a2783cb091f908793d1cf9d77ef9768732e9432ae329a180e
Bong.Bong.CoordinateSegment	Bong/Bong/CoordinateSegment.lean	Bong/Bong/CoordinateSegment.lean	189bea8b3f80404c898240eb857ff0b59a24e5872b137ac0d19716ecd27dfaf6
Bong.Bong.DefectArithmetic	Bong/Bong/DefectArithmetic.lean	Bong/Bong/DefectArithmetic.lean	d0ebfbdd7e3e374f3c734207a04ccecfa9f526204988f8de98670344b912a5ea
Bong.Bong.DiagonalBinaryRepresentation	Bong/Bong/DiagonalBinaryRepresentation.lean	Bong/Bong/DiagonalBinaryRepresentation.lean	a28ecb40dbe28ffb39645cec68a567bc647f1e2c3c39ba9e6e59ce7450f8a770
Bong.Bong.DiagonalCodimensionOneCancellation	Bong/Bong/DiagonalCodimensionOneCancellation.lean	Bong/Bong/DiagonalCodimensionOneCancellation.lean	d3eb36c51c29a589c09e055f9404a2b6c3060e8a313b9963b7d71f94350ccd24
Bong.Bong.DiagonalHasseSymbol	Bong/Bong/DiagonalHasseSymbol.lean	Bong/Bong/DiagonalHasseSymbol.lean	9a40278f1b3b6aa600ba3d52d4976bcfb293dc5662c4aa4bf04e07bc8d664543
Bong.Bong.DiagonalHeadCancellation	Bong/Bong/DiagonalHeadCancellation.lean	Bong/Bong/DiagonalHeadCancellation.lean	039357cc97bc7901b2d9715b60d9d82a900311d8a9aca12a65d43d11bfb36db5
Bong.Bong.DiagonalLocalClassification	Bong/Bong/DiagonalLocalClassification.lean	Bong/Bong/DiagonalLocalClassification.lean	74a926f1d04deb9a3cd19e83c7dddb6b07ce0e8a9db5c58336cf9e17ca48f512
Bong.Bong.DiagonalQuaternaryComplement	Bong/Bong/DiagonalQuaternaryComplement.lean	Bong/Bong/DiagonalQuaternaryComplement.lean	72a059b09a14e28f41c4e638d9ff7f98083502feb674d23e5493bd6cbc01894d
Bong.Bong.DiagonalRepresentationCons	Bong/Bong/DiagonalRepresentationCons.lean	Bong/Bong/DiagonalRepresentationCons.lean	20a28f514a9f5ac8f6cee8f2db24ac2dde1f13b87f65e9fca55466e26967d98f
Bong.Bong.DiagonalRepresentationParity	Bong/Bong/DiagonalRepresentationParity.lean	Bong/Bong/DiagonalRepresentationParity.lean	deff4d74feb34305ef4bf16451a31394f4468db0a5a71ab73c180ea1971b1d78
Bong.Bong.DiagonalSquareIsometry	Bong/Bong/DiagonalSquareIsometry.lean	Bong/Bong/DiagonalSquareIsometry.lean	9b08e2c6135ac73c8deb5c47261d303efa120861418bcdda0173beb1328853f8
Bong.Bong.DiagonalTailCancellation	Bong/Bong/DiagonalTailCancellation.lean	Bong/Bong/DiagonalTailCancellation.lean	1ab5452075a600b1f7d1c4a2400f631d8dc9bcb0fadeed4d5615a62903e580c4
Bong.Bong.DiagonalTernaryCore	Bong/Bong/DiagonalTernaryCore.lean	Bong/Bong/DiagonalTernaryCore.lean	832d2f57f9e771f13ef1825559334bbebb2d4f8a27431c324f946eab077b44d4
Bong.Bong.DiagonalTernaryRepresentationObstruction	Bong/Bong/DiagonalTernaryRepresentationObstruction.lean	Bong/Bong/DiagonalTernaryRepresentationObstruction.lean	b9625cddd8fd1cffd9fe0144c9a88ed819137e9b29a90edcadc413010e44d114
Bong.Bong.Dual	Bong/Bong/Dual.lean	Bong/Bong/Dual.lean	253277b1fc2fb8a90632b4bad853a9fa5997dcc472b3e8a54ae0ba70da33abe2
Bong.Bong.Existence	Bong/Bong/Existence.lean	Bong/Bong/Existence.lean	c5c87755fa244efd0c58d9fa5ecb5d38af6fda58a41f45ce2b1ded3f96b2d8c1
Bong.Bong.Good	Bong/Bong/Good.lean	Bong/Bong/Good.lean	fceab41eeefb75e5c0fb07e7124af2b9c81efafe15087262869c077a81ebc047
Bong.Bong.GoodBONGDeepIntegralExtension	Bong/Bong/GoodBONGDeepIntegralExtension.lean	Bong/Bong/GoodBONGDeepIntegralExtension.lean	283a19d2242c255189391db3e8639f3400a2e18aceb68d8cf190bd5ce3ef5c2c
Bong.Bong.GoodBONGPrefixValues	Bong/Bong/GoodBONGPrefixValues.lean	Bong/Bong/GoodBONGPrefixValues.lean	8fd95cc4091b6b23dcf20447fedd7882daa9df60ba96957a497f0a27cc3f3d05
Bong.Bong.GoodBONGSameRankIntegralImage	Bong/Bong/GoodBONGSameRankIntegralImage.lean	Bong/Bong/GoodBONGSameRankIntegralImage.lean	2e8310783b786dd7449c86c97e62bce6cb73843ae1989d99111931b01e008135
Bong.Bong.GoodBONGScalarAgreement	Bong/Bong/GoodBONGScalarAgreement.lean	Bong/Bong/GoodBONGScalarAgreement.lean	d5fa803b9a5dbae5eba4d53542bdf89215636c2cbd63f95f0491a24bab404af1
Bong.Bong.GoodCons	Bong/Bong/GoodCons.lean	Bong/Bong/GoodCons.lean	b77c92a56f1eccb8d2a6b0840a2a1f9e240d79052a5b66f2b0ad2bffa5a298ea
Bong.Bong.GoodExistence	Bong/Bong/GoodExistence.lean	Bong/Bong/GoodExistence.lean	210e4fdbcba391a785b86d40ddedbd71f90b9fcacf949f8e5d58392509be5563
Bong.Bong.GoodMap	Bong/Bong/GoodMap.lean	Bong/Bong/GoodMap.lean	e756efca1f9e2613aef48699bf4b374795686a281c40d9aa271e10e191774a32
Bong.Bong.HilbertDefectChoice	Bong/Bong/HilbertDefectChoice.lean	Bong/Bong/HilbertDefectChoice.lean	00cf4b7b80587b7c884b84375641027965695900b79a2ec73c9ae0d8859ee4c4
Bong.Bong.Invariants	Bong/Bong/Invariants.lean	Bong/Bong/Invariants.lean	0359b5d2e67ba0ef8ade795bb335f7d60e7da152d7d44d469358028a1fecbe91
Bong.Bong.Map	Bong/Bong/Map.lean	Bong/Bong/Map.lean	8c72ba2ae6d92d32d059299bf2c8492b616b25f33b1a70970646685da2e65a1b
Bong.Bong.MonotoneDiagonalization	Bong/Bong/MonotoneDiagonalization.lean	Bong/Bong/MonotoneDiagonalization.lean	00ae942f39d1a0f41bf28483d50b1c0c21098a271deb604cb60cb391c3e83384
Bong.Bong.OrthogonalBasis	Bong/Bong/OrthogonalBasis.lean	Bong/Bong/OrthogonalBasis.lean	d4fee64f48d1c040127d78887b8fe92872d0fa69ce897cf9957f12d9e3be8344
Bong.Bong.Prefix	Bong/Bong/Prefix.lean	Bong/Bong/Prefix.lean	8251f2a1bce2fd18ad4c1dda9547223b42f686b3bc271ceaacaa3e014a424657
Bong.Bong.PrefixDeterminant	Bong/Bong/PrefixDeterminant.lean	Bong/Bong/PrefixDeterminant.lean	f2aa77a7be49e3db006297e3977660f68c4cef21ce3425628b5dd69aee675ac2
Bong.Bong.PrefixIsometry	Bong/Bong/PrefixIsometry.lean	Bong/Bong/PrefixIsometry.lean	3ce72b873cae31e1ef0a7b3cdb7038213b48f374264e152e0dd2d15dd3cc593d
Bong.Bong.Properties	Bong/Bong/Properties.lean	Bong/Bong/Properties.lean	7fe46f04fac0258a06b4561d8803f16f5e75d404e3c6f849b53e750bbf9e2773
Bong.Bong.QuadraticApproximationExact	Bong/Bong/QuadraticApproximationExact.lean	Bong/Bong/QuadraticApproximationExact.lean	7b05debd17bb71704d091c4429fe2f7173e6108052b5ec9fea3f3873a42e509f
Bong.Bong.Representation	Bong/Bong/Representation.lean	Bong/Bong/Representation.lean	9801cb8771e78a64ed7208593a41e3fe32406cfa64e38754a2c559f0b5f001c8
Bong.Bong.RepresentationDual	Bong/Bong/RepresentationDual.lean	Bong/Bong/RepresentationDual.lean	ba92cd55d93e4f6ee5311e5922fc75da05f199f21a256c3911845a2d244259e8
Bong.Bong.Rescale	Bong/Bong/Rescale.lean	Bong/Bong/Rescale.lean	cac57ba425830f4dbe71d3290e0660050e872bf8238303e813ffe2a6b7587d4d
Bong.Bong.ResidueDefectProduct	Bong/Bong/ResidueDefectProduct.lean	Bong/Bong/ResidueDefectProduct.lean	6d771d12e2b0421239822653b36387c1044dd58eff4fce56444b98772baa4c5b
Bong.Bong.ResidueDefectProductProof	Bong/Bong/ResidueDefectProductProof.lean	Bong/Bong/ResidueDefectProductProof.lean	b883dbb1452f6200309721f83c38eab5bcc65e12e5d2c07e873d0d1bf944086c
Bong.Bong.ResidueFieldSize	Bong/Bong/ResidueFieldSize.lean	Bong/Bong/ResidueFieldSize.lean	47c010eb1da74a56feccf148e5e329408f7fb9aa721424786d11a972a1391023
Bong.Bong.SectionTwo	Bong/Bong/SectionTwo.lean	Bong/Bong/SectionTwo.lean	38273196db8552e205cd62f969bcb2adbf56fa0203bdd36f6f9894c9a34f115a
Bong.Bong.Segment	Bong/Bong/Segment.lean	Bong/Bong/Segment.lean	29126ed6c0f938469a111223c7b62b6d3e457346972449234b53beed55c846fc
Bong.Bong.SegmentConstruction	Bong/Bong/SegmentConstruction.lean	Bong/Bong/SegmentConstruction.lean	f0fb26d873dee4afbc91f9d87212043bfeb33d382ae47d229182e90146e9be27
Bong.Bong.SegmentTransport	Bong/Bong/SegmentTransport.lean	Bong/Bong/SegmentTransport.lean	0d307580711d8679cb53f32e5d86c0c77d5b59eaaaf77e7831d8de331b1c067a
Bong.Bong.SpinorNorm	Bong/Bong/SpinorNorm.lean	Bong/Bong/SpinorNorm.lean	8462fd639170f68755236f65840e019cc48c8874f665a370f3ca19e0f11aa3a5
Bong.Bong.Structural	Bong/Bong/Structural.lean	Bong/Bong/Structural.lean	72d8efd56afb96df2fad816db2e28f2e7bc423c17a77611ff4925f32591b5b37
Bong.Bong.Suffix	Bong/Bong/Suffix.lean	Bong/Bong/Suffix.lean	f0e2ef6d7cfcd384e3646cd41ee9fc3bb237f5ec96b058c68b78c62fc973ff31
Bong.Bong.TruthParity	Bong/Bong/TruthParity.lean	Bong/Bong/TruthParity.lean	b69d2ee010f969a05646de74d63e20b09a0e601394ad8ea5cc27cb0af811e2f1
Bong.Bong.UnaryDual	Bong/Bong/UnaryDual.lean	Bong/Bong/UnaryDual.lean	4c70c100de7e8aa1d9d098f0816394c0343d3ef11f556a751087600d0521baf1
Bong.Bong.ValueIsometry	Bong/Bong/ValueIsometry.lean	Bong/Bong/ValueIsometry.lean	41454135993326aff869a701e26ac151e4573180b2367517ae28f7d19b54ef71
Bong.Dyadic.AbsoluteQuadraticDefect	Bong/Dyadic/AbsoluteQuadraticDefect.lean	Bong/Dyadic/AbsoluteQuadraticDefect.lean	08f25814440c852f50296e18c8de1a537990427bbfac63f151c8e0b27fdcda45
Bong.Dyadic.Basic	Bong/Dyadic/Basic.lean	Bong/Dyadic/Basic.lean	671988d729ff40df020149041432b49b96527308c77ef258a334abfca9beed0d
Bong.Dyadic.CongruenceSubgroup	Bong/Dyadic/CongruenceSubgroup.lean	Bong/Dyadic/CongruenceSubgroup.lean	070e396f05c8e33518f98e5c57f316a5a3560e5036bc0e8c1c294aa2fd146838
Bong.Dyadic.HilbertDefectCriterionProof	Bong/Dyadic/HilbertDefectCriterionProof.lean	Bong/Dyadic/HilbertDefectCriterionProof.lean	067a6cf3a3929491428e2261d8510dd766849c068cd26c72e90d0fed84c1c4b5
Bong.Dyadic.HilbertDuality	Bong/Dyadic/HilbertDuality.lean	Bong/Dyadic/HilbertDuality.lean	597d1f239253b4b8ad3cc3fc0c2b9170e45c1e7e581ffd4eaca71f1a44d0d4b8
Bong.Dyadic.HilbertMultiplicativityReduction	Bong/Dyadic/HilbertMultiplicativityReduction.lean	Bong/Dyadic/HilbertMultiplicativityReduction.lean	b4bcb9e6c514878a93122f1088409ad5526d75dd19434199f171481929b289d6
Bong.Dyadic.HilbertSymbol	Bong/Dyadic/HilbertSymbol.lean	Bong/Dyadic/HilbertSymbol.lean	4a530baff14ff6cbe1b91849cf11b7351467bea4386b445037785e9eb2381eaf
Bong.Dyadic.MatrixCongruence	Bong/Dyadic/MatrixCongruence.lean	Bong/Dyadic/MatrixCongruence.lean	cc24d4665b49e5c237524f6cc7978ebfb830a88920289195b798cdc31299c16b
Bong.Dyadic.NumberFieldCompletion	Bong/Dyadic/NumberFieldCompletion.lean	Bong/Dyadic/NumberFieldCompletion.lean	e461f884433abd8d5ff40f42c17d7fee4a97ff06e5dcc93fddd634fedb2a58ed
Bong.Dyadic.PowerIdealResidueQuotient	Bong/Dyadic/PowerIdealResidueQuotient.lean	Bong/Dyadic/PowerIdealResidueQuotient.lean	3c389b9273b8104f8bccfac35c216c9d6f9059f848d65d3dcd80e8bf25e5c95d
Bong.Dyadic.PrincipalUnitResidueQuotient	Bong/Dyadic/PrincipalUnitResidueQuotient.lean	Bong/Dyadic/PrincipalUnitResidueQuotient.lean	3e25bfec17071232134296ab666edee419f2c83d0c86043f506ac389e4496a6e
Bong.Dyadic.QuadraticDefect	Bong/Dyadic/QuadraticDefect.lean	Bong/Dyadic/QuadraticDefect.lean	27a9293d6589e4d80adf9516ff46f8983cc8ec48e8365a22b0c6063193ae091f
Bong.Dyadic.QuadraticDefectHensel	Bong/Dyadic/QuadraticDefectHensel.lean	Bong/Dyadic/QuadraticDefectHensel.lean	4fc54af1e38670529d773e2053f53ed6995d420f7cfacc2ddf80bf042d2c906f
Bong.Dyadic.QuadraticNewtonRoot	Bong/Dyadic/QuadraticNewtonRoot.lean	Bong/Dyadic/QuadraticNewtonRoot.lean	3474393f8cad5926e1cd8ed7b430929e33012fcc1bf2447694c14ff74052da2a
Bong.Dyadic.ResidueArtinSchreier	Bong/Dyadic/ResidueArtinSchreier.lean	Bong/Dyadic/ResidueArtinSchreier.lean	25ef8a11a568d2b6ce5146924191e4783c8cedff7c40e5bc877e7444604e7f47
Bong.Dyadic.UnitDefectClassification	Bong/Dyadic/UnitDefectClassification.lean	Bong/Dyadic/UnitDefectClassification.lean	817f9ca8ecc145b1d159b94dd8043b8604199703ea9b3059e8e24dc3aee1f116
Bong.Dyadic.UnitSquareClass	Bong/Dyadic/UnitSquareClass.lean	Bong/Dyadic/UnitSquareClass.lean	2183ac611e74a4449a20f7ce88b0a5e851977f1082d8975bd2eba3db14c54227
Bong.Dyadic.UnitSquareClassOddLayer	Bong/Dyadic/UnitSquareClassOddLayer.lean	Bong/Dyadic/UnitSquareClassOddLayer.lean	92debae213b7a4e16d98bfc8f43281de42150630830a64ecf5c45d8f0762594a
Bong.Dyadic.Valuation	Bong/Dyadic/Valuation.lean	Bong/Dyadic/Valuation.lean	cd40dfbd719b8148f0bf41a472311f409ec765f4d433dd07b947dd05e8b1900d
Bong.Lattice.AdaptedBasis	Bong/Lattice/AdaptedBasis.lean	Bong/Lattice/AdaptedBasis.lean	5dc0f4f01bac6bba4697f77a0d6f4e284a29e1f29e5d86a38d8baf972753a415
Bong.Lattice.AdjoinQuadraticSublattice	Bong/Lattice/AdjoinQuadraticSublattice.lean	Bong/Lattice/AdjoinQuadraticSublattice.lean	befcc3eac353801ee086ed59fe0c452652198ead9eaa0432f6263ff22de66c1c
Bong.Lattice.AdjoinVector	Bong/Lattice/AdjoinVector.lean	Bong/Lattice/AdjoinVector.lean	2d5fe2e4915b282bd4eada26dbfcc21263c28129ce64085a668aaec2a2ae7aae
Bong.Lattice.Automorphism	Bong/Lattice/Automorphism.lean	Bong/Lattice/Automorphism.lean	008d9f21cbd005c49e601e829dfd3bbae4d4e105ddb94aa791f1947087d7e480
Bong.Lattice.Basic	Bong/Lattice/Basic.lean	Bong/Lattice/Basic.lean	77e447cb360f93fac50e0862a1a7bdd5f35fbb74b7e3ba7b61b624f36c171c70
Bong.Lattice.BasisIsometry	Bong/Lattice/BasisIsometry.lean	Bong/Lattice/BasisIsometry.lean	1911b5ddd5f3c9b8cfeb6365a2ab51ba14c027e53f74267faeb1bd302496ece7
Bong.Lattice.BasisUnits	Bong/Lattice/BasisUnits.lean	Bong/Lattice/BasisUnits.lean	5da52f90f852f2dcd14ecae07d540a633c70ea54fbdc0de73905698138f91c8e
Bong.Lattice.BinaryRotationReflection	Bong/Lattice/BinaryRotationReflection.lean	Bong/Lattice/BinaryRotationReflection.lean	f7a908b2119fb59ad550c04072a65f6da6bfb66ec8c05c06a134eb443586767a
Bong.Lattice.BinarySpinorRescale	Bong/Lattice/BinarySpinorRescale.lean	Bong/Lattice/BinarySpinorRescale.lean	ac287dc5e7da84d51c810f1644a44a770a9d1a99fdd171123e80c1357ea54780
Bong.Lattice.DeepRescale	Bong/Lattice/DeepRescale.lean	Bong/Lattice/DeepRescale.lean	04ab9d96903c3f7112c3b2cadd4621a111a6eac1615b6473acb69211785237a1
Bong.Lattice.Determinant	Bong/Lattice/Determinant.lean	Bong/Lattice/Determinant.lean	6c0cd03b7ce0264a57d4fca976a5a6778d6c2a3316bfb71ef2284f52a7c7273b
Bong.Lattice.DeterminantBasis	Bong/Lattice/DeterminantBasis.lean	Bong/Lattice/DeterminantBasis.lean	933758599c3ea6d75caafc4b3f19483a6f161b3dd8d48ea6719b31d5841abc15
Bong.Lattice.DeterminantFormRescaleClass	Bong/Lattice/DeterminantFormRescaleClass.lean	Bong/Lattice/DeterminantFormRescaleClass.lean	9ea00b8a52b637882ab106f348f6e7ff33cbac9775599fdbc75dbe49d8ce6354
Bong.Lattice.DeterminantIsometry	Bong/Lattice/DeterminantIsometry.lean	Bong/Lattice/DeterminantIsometry.lean	e2d6ceb2268d198cbad77a46d158bcd11c8546051fb5a233ae025500f82e1f14
Bong.Lattice.DeterminantProjection	Bong/Lattice/DeterminantProjection.lean	Bong/Lattice/DeterminantProjection.lean	e983774b2efd5d62aeeb716c36dfd23fd2fbb0f3203094f3310301ff4da4dc72
Bong.Lattice.DiagonalModular	Bong/Lattice/DiagonalModular.lean	Bong/Lattice/DiagonalModular.lean	64994a2ef818f02d0e0ce57d3f75a261ded2868c637af8e0c96e0cddb36fbce6
Bong.Lattice.Dual	Bong/Lattice/Dual.lean	Bong/Lattice/Dual.lean	e2dc87e53e43863fde4c733e2e07ac9976d2d29ce5563b69ecab300855752455
Bong.Lattice.DualIsometry	Bong/Lattice/DualIsometry.lean	Bong/Lattice/DualIsometry.lean	3796322bc7515865128dd65e95bbf2ccea0fecbd0885e91f0ab0685dd800ac2b
Bong.Lattice.FormRescale	Bong/Lattice/FormRescale.lean	Bong/Lattice/FormRescale.lean	8dbefa350136ab11dd051d338fe66e5ea8bb39900244d19e89b2e85e028350c4
Bong.Lattice.GlobalNADC	Bong/Lattice/GlobalNADC.lean	Bong/Lattice/GlobalNADC.lean	d7b5e1098b11a8b724f247f78093e13cc4a24d8a5b63e55fa53203e44e109961
Bong.Lattice.HyperbolicDiagonal	Bong/Lattice/HyperbolicDiagonal.lean	Bong/Lattice/HyperbolicDiagonal.lean	8ce701fd269d3e6c43d1531fbd44ebc559d3b2b996a3d689b79fc53b7922bf3c
Bong.Lattice.HyperbolicDiagonalSpinor	Bong/Lattice/HyperbolicDiagonalSpinor.lean	Bong/Lattice/HyperbolicDiagonalSpinor.lean	165fae752816c2f23c3de2c6859c6db8f418720c93c3a24400767b1becfb4213
Bong.Lattice.HyperbolicEichlerTransport	Bong/Lattice/HyperbolicEichlerTransport.lean	Bong/Lattice/HyperbolicEichlerTransport.lean	27e0651b6e1c53823503fe40c2befc6335ecf9c6a64c335935c4e2f3e03c9762
Bong.Lattice.HyperbolicLatticeInvariants	Bong/Lattice/HyperbolicLatticeInvariants.lean	Bong/Lattice/HyperbolicLatticeInvariants.lean	7171327bbe273c916fc40db4cfb7d6e64b48aacd4649bb0c09425e4197abc84b
Bong.Lattice.HyperbolicLatticeModular	Bong/Lattice/HyperbolicLatticeModular.lean	Bong/Lattice/HyperbolicLatticeModular.lean	c2fdf8c8e89bec12d20c38cb7edb57238b6ac9023b22afd7cdcb2e8f3e62072c
Bong.Lattice.Ideals	Bong/Lattice/Ideals.lean	Bong/Lattice/Ideals.lean	ef32abbab9ecdae83d96ea09713cd2dae2a514a5084896aff13d5c4baf486180
Bong.Lattice.Isometry	Bong/Lattice/Isometry.lean	Bong/Lattice/Isometry.lean	64683f525ec3f04af70aff051064574195e5bef827584c8f2faddd345166f674
Bong.Lattice.Jordan	Bong/Lattice/Jordan.lean	Bong/Lattice/Jordan.lean	d2e28b9252c71358f4ccc5b12e549d05ac7d9dfed97e5a4dc51d54511ad476a4
Bong.Lattice.JordanIsometry	Bong/Lattice/JordanIsometry.lean	Bong/Lattice/JordanIsometry.lean	123b92f64b1e45d6d6468089d072b4095578a2f9aa80dbdfd28a7089ac49292e
Bong.Lattice.JordanPrepend	Bong/Lattice/JordanPrepend.lean	Bong/Lattice/JordanPrepend.lean	120919b7a36c9a0ed6ae9afd431bc7a811d81157659c267c32f112730ee64a6c
Bong.Lattice.JordanReverseDual	Bong/Lattice/JordanReverseDual.lean	Bong/Lattice/JordanReverseDual.lean	955b08c4d5a3eb806d8a74912e134160e83f788eb1ba24f60bd090ff8b03ae42
Bong.Lattice.LatticeRescaleIsometry	Bong/Lattice/LatticeRescaleIsometry.lean	Bong/Lattice/LatticeRescaleIsometry.lean	c1ccf5c2fd92020f0be99e78bf488ae7aecc4a9c0dff83c9d5f947f74718accf
Bong.Lattice.MaximalNormSplitting	Bong/Lattice/MaximalNormSplitting.lean	Bong/Lattice/MaximalNormSplitting.lean	c64d482516d3fcb8a551d8353dbe8188e081aac84e60aeeba728ba8d4852d4c5
Bong.Lattice.MixedPairing	Bong/Lattice/MixedPairing.lean	Bong/Lattice/MixedPairing.lean	ac48508ae1d4b4d9991f3e4fcbbc43244ec86bbb8aba93fe26bf3ffdbef15472
Bong.Lattice.Modular	Bong/Lattice/Modular.lean	Bong/Lattice/Modular.lean	0a536794044f26a1f9b7e220b1cc3560665806f5bb2aaa021b4e0f0b16337dca
Bong.Lattice.ModularCriterion	Bong/Lattice/ModularCriterion.lean	Bong/Lattice/ModularCriterion.lean	73f5cd0323b292009d05c62545ef2c9b86d9f6a2f8ff285089e20aeba4acacd7
Bong.Lattice.ModularIsometry	Bong/Lattice/ModularIsometry.lean	Bong/Lattice/ModularIsometry.lean	09a7276694a550b846f3758a6a1112691da284528323c0e6fb52c7f9d4a0f92e
Bong.Lattice.ModularMembership	Bong/Lattice/ModularMembership.lean	Bong/Lattice/ModularMembership.lean	9451a171c5b01f90aff53f15aab3234e6afa6e3db5a46ae1e68cb788ef688b74
Bong.Lattice.ModularParameter	Bong/Lattice/ModularParameter.lean	Bong/Lattice/ModularParameter.lean	47379e1a781b10630af219ebd8e936efaad9daa330092238c89f6c15c6f3105a
Bong.Lattice.ModularPrimitivePairing	Bong/Lattice/ModularPrimitivePairing.lean	Bong/Lattice/ModularPrimitivePairing.lean	9a10ce05820914826dddc3348ed15a8a64da72cbe8e50d08e05feb6109922e0d
Bong.Lattice.ModularScale	Bong/Lattice/ModularScale.lean	Bong/Lattice/ModularScale.lean	f3647cbd894a587a0ee12e1600f6c9815531803094e9cf786cd902278529b21c
Bong.Lattice.ModularSplitting	Bong/Lattice/ModularSplitting.lean	Bong/Lattice/ModularSplitting.lean	802eeb255f2ffe585c8298c3c9f1a49b26dc50d37122949fbcf3542ef70a2663
Bong.Lattice.ModularVolume	Bong/Lattice/ModularVolume.lean	Bong/Lattice/ModularVolume.lean	7b04673b228b1e10485b721bbec530fb06741c7192b930d4ca8190b09af7361e
Bong.Lattice.Negation	Bong/Lattice/Negation.lean	Bong/Lattice/Negation.lean	946287bc3d9a25606c0ef3f1e975de8bf5ae8cd7324f27d5173766824d2e9ed3
Bong.Lattice.NestedSublattice	Bong/Lattice/NestedSublattice.lean	Bong/Lattice/NestedSublattice.lean	1fbc25695081d2bc866b30730f305f9e90ed809a2e3e368f23a8b0661751604d
Bong.Lattice.NormGenerator	Bong/Lattice/NormGenerator.lean	Bong/Lattice/NormGenerator.lean	546a1e309b9f16e6d7640656f904bbf81fce5c5ebbd1b736c0d6a5bc35620cd8
Bong.Lattice.NormGeneratorIsometry	Bong/Lattice/NormGeneratorIsometry.lean	Bong/Lattice/NormGeneratorIsometry.lean	26c849043a70e67e0a400a9653a7dd8bb298da9e521f46d204b5bb37cddf2032
Bong.Lattice.NormGeneratorValues	Bong/Lattice/NormGeneratorValues.lean	Bong/Lattice/NormGeneratorValues.lean	e22407ced11e7e31933d9f31e6bfa4e72c56281657660198266b84a2145cdaa0
Bong.Lattice.NormIdealOrder	Bong/Lattice/NormIdealOrder.lean	Bong/Lattice/NormIdealOrder.lean	102acf9ddd30fdb8b2e48c339d3ac31507ad4ccdc66a423a126331f99844ff87
Bong.Lattice.NormIdealOrthogonalProduct	Bong/Lattice/NormIdealOrthogonalProduct.lean	Bong/Lattice/NormIdealOrthogonalProduct.lean	9ec8a6f9fafa1a9eddc44ea05cc69e94e76f87733526e90bdabef74e049f7759
Bong.Lattice.NormRescale	Bong/Lattice/NormRescale.lean	Bong/Lattice/NormRescale.lean	9975323b482ec1f4a7e5b7ddf4e82ba5b8efe7c6e0814fd90ccaa7e24eb72f3d
Bong.Lattice.OmearaBinaryGeneralPlane	Bong/Lattice/OmearaBinaryGeneralPlane.lean	Bong/Lattice/OmearaBinaryGeneralPlane.lean	4b76c3292265f70905eb865546992011bb53ed84c6bf5a35bfdace9ee7338e58
Bong.Lattice.OmearaChangeOfComplement	Bong/Lattice/OmearaChangeOfComplement.lean	Bong/Lattice/OmearaChangeOfComplement.lean	afc86c981a14ba6c2f8540136573411bba0c4f146c65b187d11494c68d81681e
Bong.Lattice.OmearaEvenPlaneNormalization	Bong/Lattice/OmearaEvenPlaneNormalization.lean	Bong/Lattice/OmearaEvenPlaneNormalization.lean	500496d46952e560c0306881a371afec997e652ff8cd93dd03e69fa19104bb01
Bong.Lattice.OmearaGeneralPlane	Bong/Lattice/OmearaGeneralPlane.lean	Bong/Lattice/OmearaGeneralPlane.lean	2fc126df32d18bc80cf6a1a92d668a2d56cba4220a37bbf5bd91f8ecb0602658
Bong.Lattice.OmearaGeneralPlaneDiagonalization	Bong/Lattice/OmearaGeneralPlaneDiagonalization.lean	Bong/Lattice/OmearaGeneralPlaneDiagonalization.lean	a2f2223c5dd5b0bac7b1d5885fa0401d473a4605c4cf9b8113ae41a7419485b3
Bong.Lattice.OmearaHyperbolicCancellation	Bong/Lattice/OmearaHyperbolicCancellation.lean	Bong/Lattice/OmearaHyperbolicCancellation.lean	5136efba0e34c4e76fd1db4a0d5674f02034c26578ad82c3e1282566ca4f0233
Bong.Lattice.OmearaHyperbolicSpinor	Bong/Lattice/OmearaHyperbolicSpinor.lean	Bong/Lattice/OmearaHyperbolicSpinor.lean	168e0b640c7a498f8747a2cd6fe39e41a6964a23f88fe00ffc8caa473fe16ea9
Bong.Lattice.OmearaHyperbolicTransvection	Bong/Lattice/OmearaHyperbolicTransvection.lean	Bong/Lattice/OmearaHyperbolicTransvection.lean	fa0803e7154db8b2dfa0afa7c467056261a6a7531cac4187d339a559dc5217b3
Bong.Lattice.OmearaIntegralReflection	Bong/Lattice/OmearaIntegralReflection.lean	Bong/Lattice/OmearaIntegralReflection.lean	1ec27c58654cde1285e23a876401ac829bb0cb6ea06ab1aa6b4538584f648581
Bong.Lattice.OmearaStableHyperbolicCancellation	Bong/Lattice/OmearaStableHyperbolicCancellation.lean	Bong/Lattice/OmearaStableHyperbolicCancellation.lean	fd6db76f5563e8a26ca09696322d82d2df46f3951b64b743b1321a0588c3f92d
Bong.Lattice.OrthogonalBasis	Bong/Lattice/OrthogonalBasis.lean	Bong/Lattice/OrthogonalBasis.lean	f2fc711af2eea7a201abf98ec7b013428d2a9350b3c9b1753db40a3b98754541
Bong.Lattice.OrthogonalDecompositionCons	Bong/Lattice/OrthogonalDecompositionCons.lean	Bong/Lattice/OrthogonalDecompositionCons.lean	f8929359735dbd04b8a608089c9baa608859dbe69d8e3a4e7abadf41829cad6c
Bong.Lattice.OrthogonalDecompositionDual	Bong/Lattice/OrthogonalDecompositionDual.lean	Bong/Lattice/OrthogonalDecompositionDual.lean	d66255cbf310771c1276070a38fb6600425b5f4712ef2cba523e564f2e54d9c2
Bong.Lattice.OrthogonalDecompositionIdeals	Bong/Lattice/OrthogonalDecompositionIdeals.lean	Bong/Lattice/OrthogonalDecompositionIdeals.lean	b9c81dce5c73db0a7c294067a54c8aa62ccc937495574e2976cf96be0f86f502
Bong.Lattice.OrthogonalDecompositionRankSum	Bong/Lattice/OrthogonalDecompositionRankSum.lean	Bong/Lattice/OrthogonalDecompositionRankSum.lean	c8eb2c4f725642562f5dc5ad6b90f97cccea5663470b48f0440a6cc88854db25
Bong.Lattice.OrthogonalDecompositionScale	Bong/Lattice/OrthogonalDecompositionScale.lean	Bong/Lattice/OrthogonalDecompositionScale.lean	af60b89d146ac1fe5ad38395009a9e17a91cb6d8e61ed08b568202e3857b62f1
Bong.Lattice.OrthogonalMap	Bong/Lattice/OrthogonalMap.lean	Bong/Lattice/OrthogonalMap.lean	e19d72b5dcc6aaa04a8c57e7733ca3b78d1b0d3f301909ea70d9145e831f90da
Bong.Lattice.OrthogonalProductDecomposition	Bong/Lattice/OrthogonalProductDecomposition.lean	Bong/Lattice/OrthogonalProductDecomposition.lean	0defce33989877bebe19e00328423706281626885a362fc81adcd114369cf722
Bong.Lattice.OrthogonalProductIsometry	Bong/Lattice/OrthogonalProductIsometry.lean	Bong/Lattice/OrthogonalProductIsometry.lean	fc3f4cd8912a5ad5777836fcc03df4b4046a8a1c87ada33aaadb4272d292c5e0
Bong.Lattice.OrthogonalSumRescale	Bong/Lattice/OrthogonalSumRescale.lean	Bong/Lattice/OrthogonalSumRescale.lean	d3a6ca768c345cdcc7276aa54dd1e1c1c006253a66ddab511ee1454e7fcfc890
Bong.Lattice.PowerIdeal	Bong/Lattice/PowerIdeal.lean	Bong/Lattice/PowerIdeal.lean	59baeb70963b756bac43e73837c3ecd85cc7e841760ff696f1a14b6f0642f5c7
Bong.Lattice.PrimitiveBinarySpinor	Bong/Lattice/PrimitiveBinarySpinor.lean	Bong/Lattice/PrimitiveBinarySpinor.lean	c75351193f47de0d38c3b7a68a77b87d04d8bf7de070f15c24335c27fcc70b5f
Bong.Lattice.PrimitiveVector	Bong/Lattice/PrimitiveVector.lean	Bong/Lattice/PrimitiveVector.lean	489f0ade64596da5232b5c96ddf44fcf8dec6b975600ff2a5433a377bf1d19ac
Bong.Lattice.Product	Bong/Lattice/Product.lean	Bong/Lattice/Product.lean	2bda1ff02c43cbc7526828d55803b1e1f4dc9f436e1d546b3dca433b61adb774
Bong.Lattice.ProjectedIsometry	Bong/Lattice/ProjectedIsometry.lean	Bong/Lattice/ProjectedIsometry.lean	f1109ae1477764576564f5b62982ca44fc51a6d15ba52f3e6d313a879d3de279
Bong.Lattice.Projection	Bong/Lattice/Projection.lean	Bong/Lattice/Projection.lean	f82d14b57a57109108efba793d2c466ed79a3a8906d4093b6240e52c97f58054
Bong.Lattice.ProjectionPreimage	Bong/Lattice/ProjectionPreimage.lean	Bong/Lattice/ProjectionPreimage.lean	27a888a006a9b15ad23ea5ea58546219c15fa5597ebc0b7dfa61aef82f7a71ea
Bong.Lattice.ProjectionScaling	Bong/Lattice/ProjectionScaling.lean	Bong/Lattice/ProjectionScaling.lean	98f839190c9e5c7829715dd15439939ed55d30695e7e88affa668df36773be9a
Bong.Lattice.QuadraticValues	Bong/Lattice/QuadraticValues.lean	Bong/Lattice/QuadraticValues.lean	ab33c9220eba95cbed16b4d286263d66f4ce47c693d0a992862ee908d6efb1fc
Bong.Lattice.RankOneNormScale	Bong/Lattice/RankOneNormScale.lean	Bong/Lattice/RankOneNormScale.lean	ed4c1d02adebdaaf82f3f6b1f978e76f10c5f363de653f4f26001264170b09ae
Bong.Lattice.RawJordanDecomposition	Bong/Lattice/RawJordanDecomposition.lean	Bong/Lattice/RawJordanDecomposition.lean	1c1826667f8b2368bd0ac0b030ab27e75ae5248a5e7d82d24b9d9e71542eef3a
Bong.Lattice.Reflection	Bong/Lattice/Reflection.lean	Bong/Lattice/Reflection.lean	36ae74f134eeb7203f3866bee8d0b96b554c4f194fc46d6ae1527b3896b7112b
Bong.Lattice.ReflectionScaling	Bong/Lattice/ReflectionScaling.lean	Bong/Lattice/ReflectionScaling.lean	215b8cd7e65aed2c9d967ef925df65f42dd92b9c26c81d7ac6c37cc98a67d056
Bong.Lattice.Restriction	Bong/Lattice/Restriction.lean	Bong/Lattice/Restriction.lean	9f819636fe6ec193be8c8d93a926cc3ec406936a9c76e321375da76d9e538fbd
Bong.Lattice.ScaleBasis	Bong/Lattice/ScaleBasis.lean	Bong/Lattice/ScaleBasis.lean	ddc30f14215323c1bac0839b119c2e29be619c43a8317fafa74974667bbe1af4
Bong.Lattice.ScaleGenerator	Bong/Lattice/ScaleGenerator.lean	Bong/Lattice/ScaleGenerator.lean	545bf969c72a3a1dd904e4d37755d3b20bcf9d03bd015f894b81881784eefec7
Bong.Lattice.ScaleTruncation	Bong/Lattice/ScaleTruncation.lean	Bong/Lattice/ScaleTruncation.lean	46cf1a890be73f4b0f28b74f30360bdef8abed1de22e66f2b462df9cfdc0e1f6
Bong.Lattice.ScaleTruncationDual	Bong/Lattice/ScaleTruncationDual.lean	Bong/Lattice/ScaleTruncationDual.lean	ae4f68429ba89d2182543f316bb70c2f28c667bd461fc5e48c74b4c125411209
Bong.Lattice.ScaleTruncationIsometry	Bong/Lattice/ScaleTruncationIsometry.lean	Bong/Lattice/ScaleTruncationIsometry.lean	2ac49ca35b92d9eda1bf03aaccaa384606a3fd73bd5e68a394aeb96330a7e91c
Bong.Lattice.ScaledHyperbolicMaximal	Bong/Lattice/ScaledHyperbolicMaximal.lean	Bong/Lattice/ScaledHyperbolicMaximal.lean	8fd975ca182726c6079a0a1328a3ad5405798038e4bc3ff50ac62e78e4d3c12f
Bong.Lattice.SpinorNorm	Bong/Lattice/SpinorNorm.lean	Bong/Lattice/SpinorNorm.lean	ee01260f719a5eca70cc27e445608d1b325ca98264f8cc446dca707533514080
Bong.Lattice.SpinorNormIsometry	Bong/Lattice/SpinorNormIsometry.lean	Bong/Lattice/SpinorNormIsometry.lean	f1a06d7db9c46eb1c1cd42e80f89af64c177d5733b74b063e73ef5013c475a6b
Bong.Lattice.SpinorNormMultiplicative	Bong/Lattice/SpinorNormMultiplicative.lean	Bong/Lattice/SpinorNormMultiplicative.lean	6ba8d36d72465636e743fc13c8b9ffa14feeb2e015a63250c41f14951b12a249
Bong.Lattice.SpinorNormOrthogonalProduct	Bong/Lattice/SpinorNormOrthogonalProduct.lean	Bong/Lattice/SpinorNormOrthogonalProduct.lean	9b9e3b69660d9a7a73a9f102e4bf1b469c82a1041fdd68bbd1d2d9ff5c638397
Bong.Lattice.Sum	Bong/Lattice/Sum.lean	Bong/Lattice/Sum.lean	e29d51aaf4b613aaa793faa0497fe1845a11840df0c97e08d0abaca1698e9b39
Bong.Lattice.Transporter	Bong/Lattice/Transporter.lean	Bong/Lattice/Transporter.lean	a2b63b09b7c1e90c51d177826460c78967f9316dd211211bb1dce6af35e39ae5
Bong.Lattice.Universality	Bong/Lattice/Universality.lean	Bong/Lattice/Universality.lean	7c685fc3aff5233edc75d73af24878bc96725b04df790b096a5e4606dae77092
Bong.Lattice.VolumeRigidity	Bong/Lattice/VolumeRigidity.lean	Bong/Lattice/VolumeRigidity.lean	51d8ad30cb8f19dbc1b9e20f895d14c44f1e332b87a7cf3bade5a0f7b14415af
Bong.QuadraticSpace.Basic	Bong/QuadraticSpace/Basic.lean	Bong/QuadraticSpace/Basic.lean	68cadbb90d48f2f243513b490f71c68339b48ad46800051728090f67d15f2bbd
Bong.QuadraticSpace.BinaryDiagonal	Bong/QuadraticSpace/BinaryDiagonal.lean	Bong/QuadraticSpace/BinaryDiagonal.lean	c71f42509e4f65d3deafc22822f841becf00ecd40b4e8f056405c9d5c8268f71
Bong.QuadraticSpace.BinaryImproperIsometry	Bong/QuadraticSpace/BinaryImproperIsometry.lean	Bong/QuadraticSpace/BinaryImproperIsometry.lean	697629195e1ff5e1cd15ed8a0c02a75b22944b6cabd4ac6de395006edcc41d19
Bong.QuadraticSpace.BinaryModel	Bong/QuadraticSpace/BinaryModel.lean	Bong/QuadraticSpace/BinaryModel.lean	b1ec809133b056942f66e91abe76fdaed881116648df4518b938cddc375af103
Bong.QuadraticSpace.Diagonalization	Bong/QuadraticSpace/Diagonalization.lean	Bong/QuadraticSpace/Diagonalization.lean	9f26f8ee12c782191f9d286af612e71adcf9853daf413fd64bf44a827fa358fe
Bong.QuadraticSpace.FieldDiagonalization	Bong/QuadraticSpace/FieldDiagonalization.lean	Bong/QuadraticSpace/FieldDiagonalization.lean	06cddb4f2b26ba88e531a6afe378e740a7bf66f15bfd626363fa84ee8843c5d3
Bong.QuadraticSpace.HyperbolicPlane	Bong/QuadraticSpace/HyperbolicPlane.lean	Bong/QuadraticSpace/HyperbolicPlane.lean	9c682eaf4756b4b4c9d8903ec1d76a5c38f7857f5cde2d8ecefd2484bb827641
Bong.QuadraticSpace.Isometry	Bong/QuadraticSpace/Isometry.lean	Bong/QuadraticSpace/Isometry.lean	cd752cf5709604c1087fa8c8930a6870fb5d18f0bf4592b9c86ae8d65f85d568
Bong.QuadraticSpace.IsometryDeterminant	Bong/QuadraticSpace/IsometryDeterminant.lean	Bong/QuadraticSpace/IsometryDeterminant.lean	a2e64b769e290af6f053acb39dade30bf231f9381bed57a4dec0be3b89b36f62
Bong.QuadraticSpace.LineOrthogonalSplit	Bong/QuadraticSpace/LineOrthogonalSplit.lean	Bong/QuadraticSpace/LineOrthogonalSplit.lean	868bca2f7e314328d3842541d0fc69047cb426fd9bb487282c39b850ef962503
Bong.QuadraticSpace.OrthogonalExtension	Bong/QuadraticSpace/OrthogonalExtension.lean	Bong/QuadraticSpace/OrthogonalExtension.lean	ac574f4c061b90793b769d19f7b676cf47fa1fbd2a2284d330c6e85242dd4a50
Bong.QuadraticSpace.OrthogonalMap	Bong/QuadraticSpace/OrthogonalMap.lean	Bong/QuadraticSpace/OrthogonalMap.lean	9d8de8b439daba1762c2e34f4fffc72a5a4972343a781620f6061f97c5dbcb5e
Bong.QuadraticSpace.OrthogonalSum	Bong/QuadraticSpace/OrthogonalSum.lean	Bong/QuadraticSpace/OrthogonalSum.lean	309720a5c95b64ec24bf2aaccfe323f262870e71ee3b26664d6df6951833793b
Bong.QuadraticSpace.OrthogonalSumCancellation	Bong/QuadraticSpace/OrthogonalSumCancellation.lean	Bong/QuadraticSpace/OrthogonalSumCancellation.lean	5826d3f75d4e70af9e0527c7ffc633f1910a5466a7785205236ce0d1dc6e4771
Bong.QuadraticSpace.OrthogonalSumDiagonal	Bong/QuadraticSpace/OrthogonalSumDiagonal.lean	Bong/QuadraticSpace/OrthogonalSumDiagonal.lean	f34c04e18a2414a431b4e198c96bbca3ec6f420f2b2a76aafe65793863b40683
Bong.QuadraticSpace.Reflection	Bong/QuadraticSpace/Reflection.lean	Bong/QuadraticSpace/Reflection.lean	45b443873e7468c7de1d5b1c51fe7b0639a4f27771936f538fe391273576f4c3
Bong.QuadraticSpace.ReflectionGeneration	Bong/QuadraticSpace/ReflectionGeneration.lean	Bong/QuadraticSpace/ReflectionGeneration.lean	8323cb08bcccbefb9d1e1ba1e322ec27852daaf1705bd9c9b5f8a82f564f0bd0
Bong.QuadraticSpace.RepresentationRange	Bong/QuadraticSpace/RepresentationRange.lean	Bong/QuadraticSpace/RepresentationRange.lean	c1163dd98153c54e1dd75a7b7f25503ec9571bca38f9b84b80840569c120a576
Bong.QuadraticSpace.Rescale	Bong/QuadraticSpace/Rescale.lean	Bong/QuadraticSpace/Rescale.lean	f1e9b98a8606e707a385a7e09b52783ad94fcb00108e288b683903cbdc240735
Bong.QuadraticSpace.ScalarExtension	Bong/QuadraticSpace/ScalarExtension.lean	Bong/QuadraticSpace/ScalarExtension.lean	7a675ef8759318b901bed0abe092d9196834f413ebe0573cad3e583f8736fdb1
Bong.QuadraticSpace.SpinorNorm	Bong/QuadraticSpace/SpinorNorm.lean	Bong/QuadraticSpace/SpinorNorm.lean	f3ed32438fd89408b6fe477825c9c8a6628c639766b2d07a31f847f5aa6800ea
Bong.QuadraticSpace.SpinorNormExtension	Bong/QuadraticSpace/SpinorNormExtension.lean	Bong/QuadraticSpace/SpinorNormExtension.lean	b45586660668fcb38f269f26df0ca8948022e3f9ba23a82805359bb5772467dc
Bong.QuadraticSpace.SpinorNormMultiplicative	Bong/QuadraticSpace/SpinorNormMultiplicative.lean	Bong/QuadraticSpace/SpinorNormMultiplicative.lean	63e185da0ff2298489f879d11c418df7e55d60e8d8fc478ccd2e12d7f002f0ab
Bong.QuadraticSpace.SpinorNormReflection	Bong/QuadraticSpace/SpinorNormReflection.lean	Bong/QuadraticSpace/SpinorNormReflection.lean	8f055f7678101d5ca517cf1e043c054f35bb14ab64632a9db46848a143f3608c
Bong.QuadraticSpace.SpinorNormReflectionMultiplication	Bong/QuadraticSpace/SpinorNormReflectionMultiplication.lean	Bong/QuadraticSpace/SpinorNormReflectionMultiplication.lean	9a8f9a757eeefd54ba2a352cab4dc40c9ff78d6a91d950efee0f4006aef40ea6
Bong.QuadraticSpace.WallForm	Bong/QuadraticSpace/WallForm.lean	Bong/QuadraticSpace/WallForm.lean	ef631091ef4e57a61cc810fdc45ccdfb5021622931cff9e2265517e885464afb
Bong.QuadraticSpace.WallReflectionReduction	Bong/QuadraticSpace/WallReflectionReduction.lean	Bong/QuadraticSpace/WallReflectionReduction.lean	d6ed79a69bbf215fc2244e5bd5950c92eacab230ba8b982b79452090773eb3a6
BongTest.AxiomGate	BongTest/AxiomGate.lean	BongTest/AxiomGate.lean	cbfff2e08c8758604aed654aa1b20dea70be41b55113ac9b3e83d2260df5e595
BongTest.FieldDiagonalizationAudit	BongTest/FieldDiagonalizationAudit.lean	BongTest/FieldDiagonalizationAudit.lean	1fbdd917cef00da532483820464e58fb73ca6651550638139d2ec0e97644627d
BongTest.HilbertDefectCriterionAudit	BongTest/HilbertDefectCriterionAudit.lean	BongTest/HilbertDefectCriterionAudit.lean	37f6e67e1ae92d55611642e6db185c0a2878fb983c7d2e417a59f687bfcc4dd6
BongTest.M10	BongTest/M10.lean	BongTest/M10.lean	be51bece9ba212a286ee1bf271a127950cf6341137e0417d0098518eb4f67b24
BongTest.M11	BongTest/M11.lean	BongTest/M11.lean	7f0b91aae1f747c2caac8417a8fb5194430118e47ee1a617727ca066c592a700
BongTest.M153	BongTest/M153.lean	BongTest/M153.lean	da19c4686860982fd88464ba4e83f5b461a63c8daf81f1022a7bc65faf224c77
BongTest.M157	BongTest/M157.lean	BongTest/M157.lean	f6bbac40caea606e2fb2893959745ffd20d1f99b078ba1cb4de0b0fab9d503d9
BongTest.M158	BongTest/M158.lean	BongTest/M158.lean	44a3534d91144ca7bb0ddb9c37af41fa98208923fc76cc6da390efbfb8055aed
BongTest.M160	BongTest/M160.lean	BongTest/M160.lean	b745369d6c1a435adfce146b0d96ae6f882f5ee106d97115db422215ca641e00
BongTest.M166	BongTest/M166.lean	BongTest/M166.lean	2994ee51967aab74b9c86f6bb48e781dea17d13a1e4282c355de1aa1c3884f5d
BongTest.M39	BongTest/M39.lean	BongTest/M39.lean	a56161725b975849d4b09b65fc9e8ccfd3f68d217609227b4efb6fb6c6e3f0a8
BongTest.M40	BongTest/M40.lean	BongTest/M40.lean	e0f7a469d7691c3f163553eab730d1f70a7632c68582e32ba073922c32aae830
BongTest.M41	BongTest/M41.lean	BongTest/M41.lean	806e7a7a4bc5f425c9b2dd4bf4aad3766a3a4eed7be70d9124bd8477f603815c
BongTest.M42	BongTest/M42.lean	BongTest/M42.lean	3bbb7760e8fae6775a8034601122a4e45a43a6646e27d4dac29f1857d2c3ec76
BongTest.M43	BongTest/M43.lean	BongTest/M43.lean	9422dc61b999fd073c8d421360747cf6b4b948afc1ba35cf5ff143fc8dcd92db
BongTest.M44	BongTest/M44.lean	BongTest/M44.lean	f914f033418e50e8ccd5b283347b176b140724f334ba6c9d928956e7e14783da
BongTest.M45	BongTest/M45.lean	BongTest/M45.lean	33250c0e0afc587af6c24e88668ac0df89970a0396a403d29bbe0ea3a53045b4
BongTest.M46	BongTest/M46.lean	BongTest/M46.lean	92fddecf823cc977c693a5609efd71f06b5e628ab9d766af90b970eed73b3189
BongTest.M47	BongTest/M47.lean	BongTest/M47.lean	304fbb0f41c33e2fe22b1305f262034f2e53046332fbaba7132c53ede8c21ab9
BongTest.M48	BongTest/M48.lean	BongTest/M48.lean	50a469c4617954bef9f37bc2d9b96e013cd338319ccc0e482a12fc200e489ba0
BongTest.M49	BongTest/M49.lean	BongTest/M49.lean	2ae0a7c497e346ba93ebf7f3895fc2670dfbb143630dbf9273f5ea40d1f8b7f6
BongTest.M50	BongTest/M50.lean	BongTest/M50.lean	9488a8e47daf9fc72299f5b5ead5d0dc11bc4abe15d6a5e1bce8efbb8a227b13
BongTest.M51	BongTest/M51.lean	BongTest/M51.lean	c852a25e757c4f570209e6e431452f154d97ebf51c5c381cbda275e46552621e
BongTest.M52	BongTest/M52.lean	BongTest/M52.lean	6c2a7bca98ee837ed82b963002556aa936e2b50631dafb2f8f1e4483eec0cfd6
BongTest.M53	BongTest/M53.lean	BongTest/M53.lean	f66366bab56847c01a02cf921ce4b154d475c3564c07374528269cc58c129764
BongTest.M54	BongTest/M54.lean	BongTest/M54.lean	6fe8bf7444eca22f6f07052bff3b78be837b8e273e6f208f092088b1fdd58bfb
BongTest.M55	BongTest/M55.lean	BongTest/M55.lean	9fcfea2d96c23db627383819f951d771a9facf5035fc0774e3f3f141b4eef0e2
BongTest.M56	BongTest/M56.lean	BongTest/M56.lean	b4a34112dc9089cf4bd4d5f6f4d71df75db3d8cb874ade0783abdfef64416cf0
BongTest.M57	BongTest/M57.lean	BongTest/M57.lean	820f962a69b1f89d3a29d4a394c59824b5de03145ae0389b5c7d5a7c00bee15d
BongTest.M58	BongTest/M58.lean	BongTest/M58.lean	a24560fb7cad68f77f15d71c40e1f6ebe7c894dd09113c73f31e3a8f4fbeaef2
BongTest.M59	BongTest/M59.lean	BongTest/M59.lean	972c2843cefc7dff6a6a19474f51477a7502730754a28fad6c233557819cfc0c
BongTest.M60	BongTest/M60.lean	BongTest/M60.lean	4bb09c4c5aea3c29d38584495a67b3cf341175d69749474c56ec4d0c5fb4a1f2
BongTest.M61	BongTest/M61.lean	BongTest/M61.lean	c816bee179acd1d9abfcbc606a3067881aa825768d528a9eae567d12350cd5d4
BongTest.M72	BongTest/M72.lean	BongTest/M72.lean	6680229da6417c4faf6a5e4da582a49ab91b83fd5b876ddf1f177ff942ddaa62
BongTest.M79	BongTest/M79.lean	BongTest/M79.lean	fb1dcfc080d474f566e36235dfb986ef47885c53100c8cbf89c8aa2c81dc7085
BongTest.Q2	BongTest/Q2.lean	BongTest/Q2.lean	e80753aef489967c76f5b322e76251afdc73104346bfe5a79327c4c82c0bfb88
BongTest.ScalarExtensionAudit	BongTest/ScalarExtensionAudit.lean	BongTest/ScalarExtensionAudit.lean	59724fd8bfead9356d6ff01446028da23ce1f801a7eafacf7e73ba342daa60b2
